observation,vintage,version,value,basis
1988-01,2015-10-12,1,61.9,CPI All Items Index: Estimated pre-97 2005=100
1988-01,2016-01-19,4,48.4,CPI All Items Index: Estimated pre-97 2005=100
1988-02,2015-10-12,1,62.1,CPI All Items Index: Estimated pre-97 2005=100
1988-02,2016-01-19,4,48.5,CPI All Items Index: Estimated pre-97 2005=100
1988-02,2018-12-19,39,48.6,CPI INDEX 00: ALL ITEMS 2015=100
1988-03,2015-10-12,1,62.3,CPI All Items Index: Estimated pre-97 2005=100
1988-03,2016-01-19,4,48.7,CPI All Items Index: Estimated pre-97 2005=100
1988-04,2015-10-12,1,63.1,CPI All Items Index: Estimated pre-97 2005=100
1988-04,2016-01-19,4,49.3,CPI All Items Index: Estimated pre-97 2005=100
1988-05,2015-10-12,1,63.4,CPI All Items Index: Estimated pre-97 2005=100
1988-05,2016-01-19,4,49.5,CPI All Items Index: Estimated pre-97 2005=100
1988-06,2015-10-12,1,63.6,CPI All Items Index: Estimated pre-97 2005=100
1988-06,2016-01-19,4,49.7,CPI All Items Index: Estimated pre-97 2005=100
1988-07,2015-10-12,1,63.6,CPI All Items Index: Estimated pre-97 2005=100
1988-07,2016-01-19,4,49.7,CPI All Items Index: Estimated pre-97 2005=100
1988-08,2015-10-12,1,63.8,CPI All Items Index: Estimated pre-97 2005=100
1988-08,2016-01-19,4,49.9,CPI All Items Index: Estimated pre-97 2005=100
1988-09,2015-10-12,1,64.1,CPI All Items Index: Estimated pre-97 2005=100
1988-09,2016-01-19,4,50.1,CPI All Items Index: Estimated pre-97 2005=100
1988-10,2015-10-12,1,64.4,CPI All Items Index: Estimated pre-97 2005=100
1988-10,2016-01-19,4,50.3,CPI All Items Index: Estimated pre-97 2005=100
1988-11,2015-10-12,1,64.7,CPI All Items Index: Estimated pre-97 2005=100
1988-11,2016-01-19,4,50.5,CPI All Items Index: Estimated pre-97 2005=100
1988-12,2015-10-12,1,64.8,CPI All Items Index: Estimated pre-97 2005=100
1988-12,2016-01-19,4,50.6,CPI All Items Index: Estimated pre-97 2005=100
1989-01,2015-10-12,1,65.0,CPI All Items Index: Estimated pre-97 2005=100
1989-01,2016-01-19,4,50.7,CPI All Items Index: Estimated pre-97 2005=100
1989-01,2018-12-19,39,50.8,CPI INDEX 00: ALL ITEMS 2015=100
1989-02,2015-10-12,1,65.2,CPI All Items Index: Estimated pre-97 2005=100
1989-02,2016-01-19,4,50.9,CPI All Items Index: Estimated pre-97 2005=100
1989-02,2018-12-19,39,51.0,CPI INDEX 00: ALL ITEMS 2015=100
1989-03,2015-10-12,1,65.5,CPI All Items Index: Estimated pre-97 2005=100
1989-03,2016-01-19,4,51.1,CPI All Items Index: Estimated pre-97 2005=100
1989-03,2018-12-19,39,51.2,CPI INDEX 00: ALL ITEMS 2015=100
1989-04,2015-10-12,1,66.4,CPI All Items Index: Estimated pre-97 2005=100
1989-04,2016-01-19,4,51.8,CPI All Items Index: Estimated pre-97 2005=100
1989-04,2018-12-19,39,51.9,CPI INDEX 00: ALL ITEMS 2015=100
1989-05,2015-10-12,1,66.7,CPI All Items Index: Estimated pre-97 2005=100
1989-05,2016-01-19,4,52.1,CPI All Items Index: Estimated pre-97 2005=100
1989-05,2018-12-19,39,52.2,CPI INDEX 00: ALL ITEMS 2015=100
1989-06,2015-10-12,1,67.0,CPI All Items Index: Estimated pre-97 2005=100
1989-06,2016-01-19,4,52.3,CPI All Items Index: Estimated pre-97 2005=100
1989-07,2015-10-12,1,66.9,CPI All Items Index: Estimated pre-97 2005=100
1989-07,2016-01-19,4,52.3,CPI All Items Index: Estimated pre-97 2005=100
1989-08,2015-10-12,1,67.0,CPI All Items Index: Estimated pre-97 2005=100
1989-08,2016-01-19,4,52.3,CPI All Items Index: Estimated pre-97 2005=100
1989-08,2018-12-19,39,52.4,CPI INDEX 00: ALL ITEMS 2015=100
1989-09,2015-10-12,1,67.5,CPI All Items Index: Estimated pre-97 2005=100
1989-09,2016-01-19,4,52.7,CPI All Items Index: Estimated pre-97 2005=100
1989-10,2015-10-12,1,68.0,CPI All Items Index: Estimated pre-97 2005=100
1989-10,2016-01-19,4,53.1,CPI All Items Index: Estimated pre-97 2005=100
1989-11,2015-10-12,1,68.2,CPI All Items Index: Estimated pre-97 2005=100
1989-11,2016-01-19,4,53.3,CPI All Items Index: Estimated pre-97 2005=100
1989-12,2015-10-12,1,68.3,CPI All Items Index: Estimated pre-97 2005=100
1989-12,2016-01-19,4,53.4,CPI All Items Index: Estimated pre-97 2005=100
1990-01,2015-10-12,1,68.6,CPI All Items Index: Estimated pre-97 2005=100
1990-01,2016-01-19,4,53.6,CPI All Items Index: Estimated pre-97 2005=100
1990-02,2015-10-12,1,69.0,CPI All Items Index: Estimated pre-97 2005=100
1990-02,2016-01-19,4,53.9,CPI All Items Index: Estimated pre-97 2005=100
1990-02,2018-12-19,39,54.0,CPI INDEX 00: ALL ITEMS 2015=100
1990-03,2015-10-12,1,69.4,CPI All Items Index: Estimated pre-97 2005=100
1990-03,2016-01-19,4,54.2,CPI All Items Index: Estimated pre-97 2005=100
1990-04,2015-10-12,1,70.6,CPI All Items Index: Estimated pre-97 2005=100
1990-04,2016-01-19,4,55.2,CPI All Items Index: Estimated pre-97 2005=100
1990-05,2015-10-12,1,71.3,CPI All Items Index: Estimated pre-97 2005=100
1990-05,2016-01-19,4,55.7,CPI All Items Index: Estimated pre-97 2005=100
1990-06,2015-10-12,1,71.6,CPI All Items Index: Estimated pre-97 2005=100
1990-06,2016-01-19,4,55.9,CPI All Items Index: Estimated pre-97 2005=100
1990-07,2015-10-12,1,71.4,CPI All Items Index: Estimated pre-97 2005=100
1990-07,2016-01-19,4,55.8,CPI All Items Index: Estimated pre-97 2005=100
1990-08,2015-10-12,1,72.2,CPI All Items Index: Estimated pre-97 2005=100
1990-08,2016-01-19,4,56.4,CPI All Items Index: Estimated pre-97 2005=100
1990-09,2015-10-12,1,72.9,CPI All Items Index: Estimated pre-97 2005=100
1990-09,2016-01-19,4,57.0,CPI All Items Index: Estimated pre-97 2005=100
1990-10,2015-10-12,1,73.5,CPI All Items Index: Estimated pre-97 2005=100
1990-10,2016-01-19,4,57.4,CPI All Items Index: Estimated pre-97 2005=100
1990-11,2015-10-12,1,73.6,CPI All Items Index: Estimated pre-97 2005=100
1990-11,2016-01-19,4,57.5,CPI All Items Index: Estimated pre-97 2005=100
1990-12,2015-10-12,1,73.5,CPI All Items Index: Estimated pre-97 2005=100
1990-12,2016-01-19,4,57.4,CPI All Items Index: Estimated pre-97 2005=100
1990-12,2018-12-19,39,57.5,CPI INDEX 00: ALL ITEMS 2015=100
1991-01,2015-10-12,1,73.5,CPI All Items Index: Estimated pre-97 2005=100
1991-01,2016-01-19,4,57.4,CPI All Items Index: Estimated pre-97 2005=100
1991-02,2015-10-12,1,73.9,CPI All Items Index: Estimated pre-97 2005=100
1991-02,2016-01-19,4,57.7,CPI All Items Index: Estimated pre-97 2005=100
1991-03,2015-10-12,1,74.1,CPI All Items Index: Estimated pre-97 2005=100
1991-03,2016-01-19,4,57.9,CPI All Items Index: Estimated pre-97 2005=100
1991-04,2015-10-12,1,76.6,CPI All Items Index: Estimated pre-97 2005=100
1991-04,2016-01-19,4,59.9,CPI All Items Index: Estimated pre-97 2005=100
1991-05,2015-10-12,1,77.2,CPI All Items Index: Estimated pre-97 2005=100
1991-05,2016-01-19,4,60.3,CPI All Items Index: Estimated pre-97 2005=100
1991-06,2015-10-12,1,77.6,CPI All Items Index: Estimated pre-97 2005=100
1991-06,2016-01-19,4,60.6,CPI All Items Index: Estimated pre-97 2005=100
1991-07,2015-10-12,1,77.4,CPI All Items Index: Estimated pre-97 2005=100
1991-07,2016-01-19,4,60.4,CPI All Items Index: Estimated pre-97 2005=100
1991-07,2018-12-19,39,60.5,CPI INDEX 00: ALL ITEMS 2015=100
1991-08,2015-10-12,1,77.7,CPI All Items Index: Estimated pre-97 2005=100
1991-08,2016-01-19,4,60.7,CPI All Items Index: Estimated pre-97 2005=100
1991-08,2018-12-19,39,60.9,CPI INDEX 00: ALL ITEMS 2015=100
1991-09,2015-10-12,1,78.1,CPI All Items Index: Estimated pre-97 2005=100
1991-09,2016-01-19,4,61.0,CPI All Items Index: Estimated pre-97 2005=100
1991-09,2018-12-19,39,61.1,CPI INDEX 00: ALL ITEMS 2015=100
1991-10,2015-10-12,1,78.5,CPI All Items Index: Estimated pre-97 2005=100
1991-10,2016-01-19,4,61.3,CPI All Items Index: Estimated pre-97 2005=100
1991-11,2015-10-12,1,78.8,CPI All Items Index: Estimated pre-97 2005=100
1991-11,2016-01-19,4,61.5,CPI All Items Index: Estimated pre-97 2005=100
1991-12,2015-10-12,1,78.8,CPI All Items Index: Estimated pre-97 2005=100
1991-12,2016-01-19,4,61.6,CPI All Items Index: Estimated pre-97 2005=100
1992-01,2015-10-12,1,78.6,CPI All Items Index: Estimated pre-97 2005=100
1992-01,2016-01-19,4,61.4,CPI All Items Index: Estimated pre-97 2005=100
1992-02,2015-10-12,1,79.0,CPI All Items Index: Estimated pre-97 2005=100
1992-02,2016-01-19,4,61.7,CPI All Items Index: Estimated pre-97 2005=100
1992-03,2015-10-12,1,79.4,CPI All Items Index: Estimated pre-97 2005=100
1992-03,2016-01-19,4,62.0,CPI All Items Index: Estimated pre-97 2005=100
1992-04,2015-10-12,1,80.2,CPI All Items Index: Estimated pre-97 2005=100
1992-04,2016-01-19,4,62.7,CPI All Items Index: Estimated pre-97 2005=100
1992-05,2015-10-12,1,80.5,CPI All Items Index: Estimated pre-97 2005=100
1992-05,2016-01-19,4,62.9,CPI All Items Index: Estimated pre-97 2005=100
1992-06,2015-10-12,1,80.6,CPI All Items Index: Estimated pre-97 2005=100
1992-06,2016-01-19,4,62.9,CPI All Items Index: Estimated pre-97 2005=100
1992-07,2015-10-12,1,80.2,CPI All Items Index: Estimated pre-97 2005=100
1992-07,2016-01-19,4,62.6,CPI All Items Index: Estimated pre-97 2005=100
1992-08,2015-10-12,1,80.2,CPI All Items Index: Estimated pre-97 2005=100
1992-08,2016-01-19,4,62.6,CPI All Items Index: Estimated pre-97 2005=100
1992-08,2018-12-19,39,62.7,CPI INDEX 00: ALL ITEMS 2015=100
1992-09,2015-10-12,1,80.5,CPI All Items Index: Estimated pre-97 2005=100
1992-09,2016-01-19,4,62.9,CPI All Items Index: Estimated pre-97 2005=100
1992-10,2015-10-12,1,80.7,CPI All Items Index: Estimated pre-97 2005=100
1992-10,2016-01-19,4,63.1,CPI All Items Index: Estimated pre-97 2005=100
1992-11,2015-10-12,1,80.8,CPI All Items Index: Estimated pre-97 2005=100
1992-11,2016-01-19,4,63.1,CPI All Items Index: Estimated pre-97 2005=100
1992-12,2015-10-12,1,80.8,CPI All Items Index: Estimated pre-97 2005=100
1992-12,2016-01-19,4,63.2,CPI All Items Index: Estimated pre-97 2005=100
1993-01,2015-10-12,1,80.4,CPI All Items Index: Estimated pre-97 2005=100
1993-01,2016-01-19,4,62.8,CPI All Items Index: Estimated pre-97 2005=100
1993-02,2015-10-12,1,80.9,CPI All Items Index: Estimated pre-97 2005=100
1993-02,2016-01-19,4,63.2,CPI All Items Index: Estimated pre-97 2005=100
1993-03,2015-10-12,1,81.3,CPI All Items Index: Estimated pre-97 2005=100
1993-03,2016-01-19,4,63.5,CPI All Items Index: Estimated pre-97 2005=100
1993-03,2018-12-19,39,63.6,CPI INDEX 00: ALL ITEMS 2015=100
1993-04,2015-10-12,1,82.2,CPI All Items Index: Estimated pre-97 2005=100
1993-04,2016-01-19,4,64.2,CPI All Items Index: Estimated pre-97 2005=100
1993-04,2018-12-19,39,64.3,CPI INDEX 00: ALL ITEMS 2015=100
1993-05,2015-10-12,1,82.5,CPI All Items Index: Estimated pre-97 2005=100
1993-05,2016-01-19,4,64.5,CPI All Items Index: Estimated pre-97 2005=100
1993-06,2015-10-12,1,82.5,CPI All Items Index: Estimated pre-97 2005=100
1993-06,2016-01-19,4,64.4,CPI All Items Index: Estimated pre-97 2005=100
1993-06,2018-12-19,39,64.5,CPI INDEX 00: ALL ITEMS 2015=100
1993-07,2015-10-12,1,82.2,CPI All Items Index: Estimated pre-97 2005=100
1993-07,2016-01-19,4,64.2,CPI All Items Index: Estimated pre-97 2005=100
1993-08,2015-10-12,1,82.5,CPI All Items Index: Estimated pre-97 2005=100
1993-08,2016-01-19,4,64.5,CPI All Items Index: Estimated pre-97 2005=100
1993-09,2015-10-12,1,82.9,CPI All Items Index: Estimated pre-97 2005=100
1993-09,2016-01-19,4,64.8,CPI All Items Index: Estimated pre-97 2005=100
1993-10,2015-10-12,1,82.8,CPI All Items Index: Estimated pre-97 2005=100
1993-10,2016-01-19,4,64.7,CPI All Items Index: Estimated pre-97 2005=100
1993-11,2015-10-12,1,82.6,CPI All Items Index: Estimated pre-97 2005=100
1993-11,2016-01-19,4,64.5,CPI All Items Index: Estimated pre-97 2005=100
1993-11,2018-12-19,39,64.6,CPI INDEX 00: ALL ITEMS 2015=100
1993-12,2015-10-12,1,82.8,CPI All Items Index: Estimated pre-97 2005=100
1993-12,2016-01-19,4,64.7,CPI All Items Index: Estimated pre-97 2005=100
1994-01,2015-10-12,1,82.5,CPI All Items Index: Estimated pre-97 2005=100
1994-01,2016-01-19,4,64.4,CPI All Items Index: Estimated pre-97 2005=100
1994-01,2018-12-19,39,64.5,CPI INDEX 00: ALL ITEMS 2015=100
1994-02,2015-10-12,1,82.9,CPI All Items Index: Estimated pre-97 2005=100
1994-02,2016-01-19,4,64.7,CPI All Items Index: Estimated pre-97 2005=100
1994-02,2018-12-19,39,64.8,CPI INDEX 00: ALL ITEMS 2015=100
1994-03,2015-10-12,1,83.1,CPI All Items Index: Estimated pre-97 2005=100
1994-03,2016-01-19,4,64.9,CPI All Items Index: Estimated pre-97 2005=100
1994-03,2018-12-19,39,65.0,CPI INDEX 00: ALL ITEMS 2015=100
1994-04,2015-10-12,1,83.9,CPI All Items Index: Estimated pre-97 2005=100
1994-04,2016-01-19,4,65.5,CPI All Items Index: Estimated pre-97 2005=100
1994-05,2015-10-12,1,84.1,CPI All Items Index: Estimated pre-97 2005=100
1994-05,2016-01-19,4,65.7,CPI All Items Index: Estimated pre-97 2005=100
1994-05,2018-12-19,39,65.8,CPI INDEX 00: ALL ITEMS 2015=100
1994-06,2015-10-12,1,84.1,CPI All Items Index: Estimated pre-97 2005=100
1994-06,2016-01-19,4,65.7,CPI All Items Index: Estimated pre-97 2005=100
1994-06,2018-12-19,39,65.8,CPI INDEX 00: ALL ITEMS 2015=100
1994-07,2015-10-12,1,83.6,CPI All Items Index: Estimated pre-97 2005=100
1994-07,2016-01-19,4,65.3,CPI All Items Index: Estimated pre-97 2005=100
1994-07,2018-12-19,39,65.4,CPI INDEX 00: ALL ITEMS 2015=100
1994-08,2015-10-12,1,84.1,CPI All Items Index: Estimated pre-97 2005=100
1994-08,2016-01-19,4,65.7,CPI All Items Index: Estimated pre-97 2005=100
1994-09,2015-10-12,1,84.2,CPI All Items Index: Estimated pre-97 2005=100
1994-09,2016-01-19,4,65.8,CPI All Items Index: Estimated pre-97 2005=100
1994-10,2015-10-12,1,84.0,CPI All Items Index: Estimated pre-97 2005=100
1994-10,2016-01-19,4,65.6,CPI All Items Index: Estimated pre-97 2005=100
1994-10,2018-12-19,39,65.7,CPI INDEX 00: ALL ITEMS 2015=100
1994-11,2015-10-12,1,84.1,CPI All Items Index: Estimated pre-97 2005=100
1994-11,2016-01-19,4,65.7,CPI All Items Index: Estimated pre-97 2005=100
1994-12,2015-10-12,1,84.5,CPI All Items Index: Estimated pre-97 2005=100
1994-12,2016-01-19,4,66.0,CPI All Items Index: Estimated pre-97 2005=100
1995-01,2015-10-12,1,84.5,CPI All Items Index: Estimated pre-97 2005=100
1995-01,2016-01-19,4,66.0,CPI All Items Index: Estimated pre-97 2005=100
1995-02,2015-10-12,1,84.9,CPI All Items Index: Estimated pre-97 2005=100
1995-02,2016-01-19,4,66.3,CPI All Items Index: Estimated pre-97 2005=100
1995-03,2015-10-12,1,85.3,CPI All Items Index: Estimated pre-97 2005=100
1995-03,2016-01-19,4,66.6,CPI All Items Index: Estimated pre-97 2005=100
1995-03,2018-12-19,39,66.7,CPI INDEX 00: ALL ITEMS 2015=100
1995-04,2015-10-12,1,85.8,CPI All Items Index: Estimated pre-97 2005=100
1995-04,2016-01-19,4,67.0,CPI All Items Index: Estimated pre-97 2005=100
1995-05,2015-10-12,1,86.2,CPI All Items Index: Estimated pre-97 2005=100
1995-05,2016-01-19,4,67.4,CPI All Items Index: Estimated pre-97 2005=100
1995-06,2015-10-12,1,86.3,CPI All Items Index: Estimated pre-97 2005=100
1995-06,2016-01-19,4,67.4,CPI All Items Index: Estimated pre-97 2005=100
1995-07,2015-10-12,1,85.8,CPI All Items Index: Estimated pre-97 2005=100
1995-07,2016-01-19,4,67.0,CPI All Items Index: Estimated pre-97 2005=100
1995-07,2018-12-19,39,67.1,CPI INDEX 00: ALL ITEMS 2015=100
1995-08,2015-10-12,1,86.3,CPI All Items Index: Estimated pre-97 2005=100
1995-08,2016-01-19,4,67.4,CPI All Items Index: Estimated pre-97 2005=100
1995-09,2015-10-12,1,86.7,CPI All Items Index: Estimated pre-97 2005=100
1995-09,2016-01-19,4,67.7,CPI All Items Index: Estimated pre-97 2005=100
1995-10,2015-10-12,1,86.5,CPI All Items Index: Estimated pre-97 2005=100
1995-10,2016-01-19,4,67.6,CPI All Items Index: Estimated pre-97 2005=100
1995-11,2015-10-12,1,86.5,CPI All Items Index: Estimated pre-97 2005=100
1995-11,2016-01-19,4,67.6,CPI All Items Index: Estimated pre-97 2005=100
1995-12,2015-10-12,1,87.0,CPI All Items Index: Estimated pre-97 2005=100
1995-12,2016-01-19,4,68.0,CPI All Items Index: Estimated pre-97 2005=100
1996-01,2015-10-12,1,86.8,CPI All Items Index: Estimated pre-97 2005=100
1996-01,2016-01-19,4,67.8,CPI All Items Index: Estimated pre-97 2005=100
1996-02,2015-10-12,1,87.2,CPI All Items Index: Estimated pre-97 2005=100
1996-02,2016-01-19,4,68.1,CPI All Items Index: Estimated pre-97 2005=100
1996-03,2015-10-12,1,87.5,CPI All Items Index: Estimated pre-97 2005=100
1996-03,2016-01-19,4,68.4,CPI All Items Index: Estimated pre-97 2005=100
1996-04,2015-10-12,1,88.0,CPI All Items Index: Estimated pre-97 2005=100
1996-04,2016-01-19,4,68.7,CPI All Items Index: Estimated pre-97 2005=100
1996-05,2015-10-12,1,88.3,CPI All Items Index: Estimated pre-97 2005=100
1996-05,2016-01-19,4,68.9,CPI All Items Index: Estimated pre-97 2005=100
1996-06,2015-10-12,1,88.4,CPI All Items Index: Estimated pre-97 2005=100
1996-06,2016-01-19,4,69.0,CPI All Items Index: Estimated pre-97 2005=100
1996-07,2015-10-12,1,87.8,CPI All Items Index: Estimated pre-97 2005=100
1996-07,2016-01-19,4,68.6,CPI All Items Index: Estimated pre-97 2005=100
1996-08,2015-10-12,1,88.3,CPI All Items Index: Estimated pre-97 2005=100
1996-08,2016-01-19,4,68.9,CPI All Items Index: Estimated pre-97 2005=100
1996-09,2015-10-12,1,88.7,CPI All Items Index: Estimated pre-97 2005=100
1996-09,2016-01-19,4,69.3,CPI All Items Index: Estimated pre-97 2005=100
1996-10,2015-10-12,1,88.7,CPI All Items Index: Estimated pre-97 2005=100
1996-10,2016-01-19,4,69.3,CPI All Items Index: Estimated pre-97 2005=100
1996-11,2015-10-12,1,88.7,CPI All Items Index: Estimated pre-97 2005=100
1996-11,2016-01-19,4,69.3,CPI All Items Index: Estimated pre-97 2005=100
1996-12,2015-10-12,1,89.0,CPI All Items Index: Estimated pre-97 2005=100
1996-12,2016-01-19,4,69.5,CPI All Items Index: Estimated pre-97 2005=100
1997-01,2015-10-12,1,88.6,CPI All Items Index: Estimated pre-97 2005=100
1997-01,2016-01-19,4,69.2,CPI All Items Index: Estimated pre-97 2005=100
1997-02,2015-10-12,1,88.8,CPI All Items Index: Estimated pre-97 2005=100
1997-02,2016-01-19,4,69.4,CPI All Items Index: Estimated pre-97 2005=100
1997-03,2015-10-12,1,89.0,CPI All Items Index: Estimated pre-97 2005=100
1997-03,2016-01-19,4,69.5,CPI All Items Index: Estimated pre-97 2005=100
1997-04,2015-10-12,1,89.4,CPI All Items Index: Estimated pre-97 2005=100
1997-04,2016-01-19,4,69.8,CPI All Items Index: Estimated pre-97 2005=100
1997-05,2015-10-12,1,89.6,CPI All Items Index: Estimated pre-97 2005=100
1997-05,2016-01-19,4,70.0,CPI All Items Index: Estimated pre-97 2005=100
1997-06,2015-10-12,1,89.8,CPI All Items Index: Estimated pre-97 2005=100
1997-06,2016-01-19,4,70.2,CPI All Items Index: Estimated pre-97 2005=100
1997-07,2015-10-12,1,89.5,CPI All Items Index: Estimated pre-97 2005=100
1997-07,2016-01-19,4,69.9,CPI All Items Index: Estimated pre-97 2005=100
1997-08,2015-10-12,1,90.0,CPI All Items Index: Estimated pre-97 2005=100
1997-08,2016-01-19,4,70.3,CPI All Items Index: Estimated pre-97 2005=100
1997-09,2015-10-12,1,90.3,CPI All Items Index: Estimated pre-97 2005=100
1997-09,2016-01-19,4,70.6,CPI All Items Index: Estimated pre-97 2005=100
1997-10,2015-10-12,1,90.3,CPI All Items Index: Estimated pre-97 2005=100
1997-10,2016-01-19,4,70.6,CPI All Items Index: Estimated pre-97 2005=100
1997-11,2015-10-12,1,90.4,CPI All Items Index: Estimated pre-97 2005=100
1997-11,2016-01-19,4,70.6,CPI All Items Index: Estimated pre-97 2005=100
1997-12,2015-10-12,1,90.5,CPI All Items Index: Estimated pre-97 2005=100
1997-12,2016-01-19,4,70.7,CPI All Items Index: Estimated pre-97 2005=100
1998-01,2015-10-12,1,89.9,CPI All Items Index: Estimated pre-97 2005=100
1998-01,2016-01-19,4,70.3,CPI All Items Index: Estimated pre-97 2005=100
1998-02,2015-10-12,1,90.3,CPI All Items Index: Estimated pre-97 2005=100
1998-02,2016-01-19,4,70.5,CPI All Items Index: Estimated pre-97 2005=100
1998-03,2015-10-12,1,90.5,CPI All Items Index: Estimated pre-97 2005=100
1998-03,2016-01-19,4,70.7,CPI All Items Index: Estimated pre-97 2005=100
1998-04,2015-10-12,1,91.0,CPI All Items Index: Estimated pre-97 2005=100
1998-04,2016-01-19,4,71.1,CPI All Items Index: Estimated pre-97 2005=100
1998-05,2015-10-12,1,91.5,CPI All Items Index: Estimated pre-97 2005=100
1998-05,2016-01-19,4,71.4,CPI All Items Index: Estimated pre-97 2005=100
1998-06,2015-10-12,1,91.3,CPI All Items Index: Estimated pre-97 2005=100
1998-06,2016-01-19,4,71.3,CPI All Items Index: Estimated pre-97 2005=100
1998-07,2015-10-12,1,90.8,CPI All Items Index: Estimated pre-97 2005=100
1998-07,2016-01-19,4,71.0,CPI All Items Index: Estimated pre-97 2005=100
1998-08,2015-10-12,1,91.2,CPI All Items Index: Estimated pre-97 2005=100
1998-08,2016-01-19,4,71.2,CPI All Items Index: Estimated pre-97 2005=100
1998-09,2015-10-12,1,91.6,CPI All Items Index: Estimated pre-97 2005=100
1998-09,2016-01-19,4,71.5,CPI All Items Index: Estimated pre-97 2005=100
1998-10,2015-10-12,1,91.6,CPI All Items Index: Estimated pre-97 2005=100
1998-10,2016-01-19,4,71.5,CPI All Items Index: Estimated pre-97 2005=100
1998-11,2015-10-12,1,91.7,CPI All Items Index: Estimated pre-97 2005=100
1998-11,2016-01-19,4,71.6,CPI All Items Index: Estimated pre-97 2005=100
1998-12,2015-10-12,1,91.9,CPI All Items Index: Estimated pre-97 2005=100
1998-12,2016-01-19,4,71.8,CPI All Items Index: Estimated pre-97 2005=100
1999-01,2015-10-12,1,91.4,CPI All Items Index: Estimated pre-97 2005=100
1999-01,2016-01-19,4,71.4,CPI All Items Index: Estimated pre-97 2005=100
1999-02,2015-10-12,1,91.5,CPI All Items Index: Estimated pre-97 2005=100
1999-02,2016-01-19,4,71.5,CPI All Items Index: Estimated pre-97 2005=100
1999-03,2015-10-12,1,92.0,CPI All Items Index: Estimated pre-97 2005=100
1999-03,2016-01-19,4,71.9,CPI All Items Index: Estimated pre-97 2005=100
1999-04,2015-10-12,1,92.4,CPI All Items Index: Estimated pre-97 2005=100
1999-04,2016-01-19,4,72.2,CPI All Items Index: Estimated pre-97 2005=100
1999-05,2015-10-12,1,92.7,CPI All Items Index: Estimated pre-97 2005=100
1999-05,2016-01-19,4,72.4,CPI All Items Index: Estimated pre-97 2005=100
1999-06,2015-10-12,1,92.6,CPI All Items Index: Estimated pre-97 2005=100
1999-06,2016-01-19,4,72.3,CPI All Items Index: Estimated pre-97 2005=100
1999-07,2015-10-12,1,92.0,CPI All Items Index: Estimated pre-97 2005=100
1999-07,2016-01-19,4,71.9,CPI All Items Index: Estimated pre-97 2005=100
1999-08,2015-10-12,1,92.3,CPI All Items Index: Estimated pre-97 2005=100
1999-08,2016-01-19,4,72.1,CPI All Items Index: Estimated pre-97 2005=100
1999-09,2015-10-12,1,92.7,CPI All Items Index: Estimated pre-97 2005=100
1999-09,2016-01-19,4,72.4,CPI All Items Index: Estimated pre-97 2005=100
1999-10,2015-10-12,1,92.6,CPI All Items Index: Estimated pre-97 2005=100
1999-10,2016-01-19,4,72.3,CPI All Items Index: Estimated pre-97 2005=100
1999-11,2015-10-12,1,92.7,CPI All Items Index: Estimated pre-97 2005=100
1999-11,2016-01-19,4,72.4,CPI All Items Index: Estimated pre-97 2005=100
1999-12,2015-10-12,1,93.0,CPI All Items Index: Estimated pre-97 2005=100
1999-12,2016-01-19,4,72.6,CPI All Items Index: Estimated pre-97 2005=100
2000-01,2015-10-12,1,92.1,CPI All Items Index: Estimated pre-97 2005=100
2000-01,2016-01-19,4,71.9,CPI All Items Index: Estimated pre-97 2005=100
2000-02,2015-10-12,1,92.4,CPI All Items Index: Estimated pre-97 2005=100
2000-02,2016-01-19,4,72.2,CPI All Items Index: Estimated pre-97 2005=100
2000-03,2015-10-12,1,92.6,CPI All Items Index: Estimated pre-97 2005=100
2000-03,2016-01-19,4,72.3,CPI All Items Index: Estimated pre-97 2005=100
2000-04,2015-10-12,1,92.9,CPI All Items Index: Estimated pre-97 2005=100
2000-04,2016-01-19,4,72.6,CPI All Items Index: Estimated pre-97 2005=100
2000-05,2015-10-12,1,93.2,CPI All Items Index: Estimated pre-97 2005=100
2000-05,2016-01-19,4,72.8,CPI All Items Index: Estimated pre-97 2005=100
2000-06,2015-10-12,1,93.3,CPI All Items Index: Estimated pre-97 2005=100
2000-06,2016-01-19,4,72.9,CPI All Items Index: Estimated pre-97 2005=100
2000-07,2015-10-12,1,92.8,CPI All Items Index: Estimated pre-97 2005=100
2000-07,2016-01-19,4,72.5,CPI All Items Index: Estimated pre-97 2005=100
2000-08,2015-10-12,1,92.8,CPI All Items Index: Estimated pre-97 2005=100
2000-08,2016-01-19,4,72.5,CPI All Items Index: Estimated pre-97 2005=100
2000-09,2015-10-12,1,93.6,CPI All Items Index: Estimated pre-97 2005=100
2000-09,2016-01-19,4,73.1,CPI All Items Index: Estimated pre-97 2005=100
2000-10,2015-10-12,1,93.5,CPI All Items Index: Estimated pre-97 2005=100
2000-10,2016-01-19,4,73.1,CPI All Items Index: Estimated pre-97 2005=100
2000-11,2015-10-12,1,93.7,CPI All Items Index: Estimated pre-97 2005=100
2000-11,2016-01-19,4,73.2,CPI All Items Index: Estimated pre-97 2005=100
2000-12,2015-10-12,1,93.7,CPI All Items Index: Estimated pre-97 2005=100
2000-12,2016-01-19,4,73.2,CPI All Items Index: Estimated pre-97 2005=100
2001-01,2015-10-12,1,92.9,CPI All Items Index: Estimated pre-97 2005=100
2001-01,2016-01-19,4,72.6,CPI All Items Index: Estimated pre-97 2005=100
2001-02,2015-10-12,1,93.1,CPI All Items Index: Estimated pre-97 2005=100
2001-02,2016-01-19,4,72.7,CPI All Items Index: Estimated pre-97 2005=100
2001-03,2015-10-12,1,93.4,CPI All Items Index: Estimated pre-97 2005=100
2001-03,2016-01-19,4,73.0,CPI All Items Index: Estimated pre-97 2005=100
2001-04,2015-10-12,1,94.0,CPI All Items Index: Estimated pre-97 2005=100
2001-04,2016-01-19,4,73.4,CPI All Items Index: Estimated pre-97 2005=100
2001-05,2015-10-12,1,94.7,CPI All Items Index: Estimated pre-97 2005=100
2001-05,2016-01-19,4,74.0,CPI All Items Index: Estimated pre-97 2005=100
2001-06,2015-10-12,1,94.9,CPI All Items Index: Estimated pre-97 2005=100
2001-06,2016-01-19,4,74.1,CPI All Items Index: Estimated pre-97 2005=100
2001-07,2015-10-12,1,94.2,CPI All Items Index: Estimated pre-97 2005=100
2001-07,2016-01-19,4,73.6,CPI All Items Index: Estimated pre-97 2005=100
2001-08,2015-10-12,1,94.5,CPI All Items Index: Estimated pre-97 2005=100
2001-08,2016-01-19,4,73.9,CPI All Items Index: Estimated pre-97 2005=100
2001-09,2015-10-12,1,94.8,CPI All Items Index: Estimated pre-97 2005=100
2001-09,2016-01-19,4,74.1,CPI All Items Index: Estimated pre-97 2005=100
2001-10,2015-10-12,1,94.7,CPI All Items Index: Estimated pre-97 2005=100
2001-10,2016-01-19,4,73.9,CPI All Items Index: Estimated pre-97 2005=100
2001-11,2015-10-12,1,94.5,CPI All Items Index: Estimated pre-97 2005=100
2001-11,2016-01-19,4,73.8,CPI All Items Index: Estimated pre-97 2005=100
2001-12,2015-10-12,1,94.7,CPI All Items Index: Estimated pre-97 2005=100
2001-12,2016-01-19,4,74.0,CPI All Items Index: Estimated pre-97 2005=100
2002-01,2015-10-12,1,94.4,CPI All Items Index: Estimated pre-97 2005=100
2002-01,2016-01-19,4,73.7,CPI All Items Index: Estimated pre-97 2005=100
2002-02,2015-10-12,1,94.5,CPI All Items Index: Estimated pre-97 2005=100
2002-02,2016-01-19,4,73.8,CPI All Items Index: Estimated pre-97 2005=100
2002-03,2015-10-12,1,94.9,CPI All Items Index: Estimated pre-97 2005=100
2002-03,2016-01-19,4,74.1,CPI All Items Index: Estimated pre-97 2005=100
2002-04,2015-10-12,1,95.3,CPI All Items Index: Estimated pre-97 2005=100
2002-04,2016-01-19,4,74.4,CPI All Items Index: Estimated pre-97 2005=100
2002-05,2015-10-12,1,95.5,CPI All Items Index: Estimated pre-97 2005=100
2002-05,2016-01-19,4,74.6,CPI All Items Index: Estimated pre-97 2005=100
2002-06,2015-10-12,1,95.5,CPI All Items Index: Estimated pre-97 2005=100
2002-06,2016-01-19,4,74.6,CPI All Items Index: Estimated pre-97 2005=100
2002-07,2015-10-12,1,95.2,CPI All Items Index: Estimated pre-97 2005=100
2002-07,2016-01-19,4,74.4,CPI All Items Index: Estimated pre-97 2005=100
2002-08,2015-10-12,1,95.5,CPI All Items Index: Estimated pre-97 2005=100
2002-08,2016-01-19,4,74.6,CPI All Items Index: Estimated pre-97 2005=100
2002-09,2015-10-12,1,95.7,CPI All Items Index: Estimated pre-97 2005=100
2002-09,2016-01-19,4,74.8,CPI All Items Index: Estimated pre-97 2005=100
2002-10,2015-10-12,1,95.9,CPI All Items Index: Estimated pre-97 2005=100
2002-10,2016-01-19,4,74.9,CPI All Items Index: Estimated pre-97 2005=100
2002-11,2015-10-12,1,95.9,CPI All Items Index: Estimated pre-97 2005=100
2002-11,2016-01-19,4,74.9,CPI All Items Index: Estimated pre-97 2005=100
2002-12,2015-10-12,1,96.3,CPI All Items Index: Estimated pre-97 2005=100
2002-12,2016-01-19,4,75.2,CPI All Items Index: Estimated pre-97 2005=100
2003-01,2015-10-12,1,95.7,CPI All Items Index: Estimated pre-97 2005=100
2003-01,2016-01-19,4,74.7,CPI All Items Index: Estimated pre-97 2005=100
2003-02,2015-10-12,1,96.0,CPI All Items Index: Estimated pre-97 2005=100
2003-02,2016-01-19,4,75.0,CPI All Items Index: Estimated pre-97 2005=100
2003-03,2015-10-12,1,96.3,CPI All Items Index: Estimated pre-97 2005=100
2003-03,2016-01-19,4,75.3,CPI All Items Index: Estimated pre-97 2005=100
2003-04,2015-10-12,1,96.7,CPI All Items Index: Estimated pre-97 2005=100
2003-04,2016-01-19,4,75.5,CPI All Items Index: Estimated pre-97 2005=100
2003-05,2015-10-12,1,96.7,CPI All Items Index: Estimated pre-97 2005=100
2003-05,2016-01-19,4,75.5,CPI All Items Index: Estimated pre-97 2005=100
2003-06,2015-10-12,1,96.5,CPI All Items Index: Estimated pre-97 2005=100
2003-06,2016-01-19,4,75.4,CPI All Items Index: Estimated pre-97 2005=100
2003-07,2015-10-12,1,96.5,CPI All Items Index: Estimated pre-97 2005=100
2003-07,2016-01-19,4,75.3,CPI All Items Index: Estimated pre-97 2005=100
2003-08,2015-10-12,1,96.8,CPI All Items Index: Estimated pre-97 2005=100
2003-08,2016-01-19,4,75.6,CPI All Items Index: Estimated pre-97 2005=100
2003-09,2015-10-12,1,97.1,CPI All Items Index: Estimated pre-97 2005=100
2003-09,2016-01-19,4,75.9,CPI All Items Index: Estimated pre-97 2005=100
2003-10,2015-10-12,1,97.2,CPI All Items Index: Estimated pre-97 2005=100
2003-10,2016-01-19,4,76.0,CPI All Items Index: Estimated pre-97 2005=100
2003-11,2015-10-12,1,97.2,CPI All Items Index: Estimated pre-97 2005=100
2003-11,2016-01-19,4,75.9,CPI All Items Index: Estimated pre-97 2005=100
2003-12,2015-10-12,1,97.5,CPI All Items Index: Estimated pre-97 2005=100
2003-12,2016-01-19,4,76.2,CPI All Items Index: Estimated pre-97 2005=100
2004-01,2015-10-12,1,97.0,CPI All Items Index: Estimated pre-97 2005=100
2004-01,2016-01-19,4,75.8,CPI All Items Index: Estimated pre-97 2005=100
2004-02,2015-10-12,1,97.2,CPI All Items Index: Estimated pre-97 2005=100
2004-02,2016-01-19,4,76.0,CPI All Items Index: Estimated pre-97 2005=100
2004-03,2015-10-12,1,97.4,CPI All Items Index: Estimated pre-97 2005=100
2004-03,2016-01-19,4,76.1,CPI All Items Index: Estimated pre-97 2005=100
2004-04,2015-10-12,1,97.8,CPI All Items Index: Estimated pre-97 2005=100
2004-04,2016-01-19,4,76.4,CPI All Items Index: Estimated pre-97 2005=100
2004-05,2015-10-12,1,98.1,CPI All Items Index: Estimated pre-97 2005=100
2004-05,2016-01-19,4,76.6,CPI All Items Index: Estimated pre-97 2005=100
2004-06,2015-10-12,1,98.1,CPI All Items Index: Estimated pre-97 2005=100
2004-06,2016-01-19,4,76.6,CPI All Items Index: Estimated pre-97 2005=100
2004-07,2015-10-12,1,97.8,CPI All Items Index: Estimated pre-97 2005=100
2004-07,2016-01-19,4,76.4,CPI All Items Index: Estimated pre-97 2005=100
2004-08,2015-10-12,1,98.1,CPI All Items Index: Estimated pre-97 2005=100
2004-08,2016-01-19,4,76.6,CPI All Items Index: Estimated pre-97 2005=100
2004-09,2015-10-12,1,98.2,CPI All Items Index: Estimated pre-97 2005=100
2004-09,2016-01-19,4,76.7,CPI All Items Index: Estimated pre-97 2005=100
2004-10,2015-10-12,1,98.4,CPI All Items Index: Estimated pre-97 2005=100
2004-10,2016-01-19,4,76.9,CPI All Items Index: Estimated pre-97 2005=100
2004-11,2015-10-12,1,98.6,CPI All Items Index: Estimated pre-97 2005=100
2004-11,2016-01-19,4,77.0,CPI All Items Index: Estimated pre-97 2005=100
2004-12,2015-10-12,1,99.1,CPI All Items Index: Estimated pre-97 2005=100
2004-12,2016-01-19,4,77.4,CPI All Items Index: Estimated pre-97 2005=100
2005-01,2015-10-12,1,98.6,CPI All Items Index: Estimated pre-97 2005=100
2005-01,2016-01-19,4,77.0,CPI All Items Index: Estimated pre-97 2005=100
2005-02,2015-10-12,1,98.8,CPI All Items Index: Estimated pre-97 2005=100
2005-02,2016-01-19,4,77.2,CPI All Items Index: Estimated pre-97 2005=100
2005-03,2015-10-12,1,99.3,CPI All Items Index: Estimated pre-97 2005=100
2005-03,2016-01-19,4,77.5,CPI All Items Index: Estimated pre-97 2005=100
2005-04,2015-10-12,1,99.7,CPI All Items Index: Estimated pre-97 2005=100
2005-04,2016-01-19,4,77.8,CPI All Items Index: Estimated pre-97 2005=100
2005-05,2015-10-12,1,100.0,CPI All Items Index: Estimated pre-97 2005=100
2005-05,2016-01-19,4,78.1,CPI All Items Index: Estimated pre-97 2005=100
2005-06,2015-10-12,1,100.0,CPI All Items Index: Estimated pre-97 2005=100
2005-06,2016-01-19,4,78.1,CPI All Items Index: Estimated pre-97 2005=100
2005-07,2015-10-12,1,100.1,CPI All Items Index: Estimated pre-97 2005=100
2005-07,2016-01-19,4,78.2,CPI All Items Index: Estimated pre-97 2005=100
2005-08,2015-10-12,1,100.4,CPI All Items Index: Estimated pre-97 2005=100
2005-08,2016-01-19,4,78.4,CPI All Items Index: Estimated pre-97 2005=100
2005-09,2015-10-12,1,100.6,CPI All Items Index: Estimated pre-97 2005=100
2005-09,2016-01-19,4,78.6,CPI All Items Index: Estimated pre-97 2005=100
2005-10,2015-10-12,1,100.7,CPI All Items Index: Estimated pre-97 2005=100
2005-10,2016-01-19,4,78.7,CPI All Items Index: Estimated pre-97 2005=100
2005-11,2015-10-12,1,100.7,CPI All Items Index: Estimated pre-97 2005=100
2005-11,2016-01-19,4,78.7,CPI All Items Index: Estimated pre-97 2005=100
2005-12,2015-10-12,1,101.0,CPI All Items Index: Estimated pre-97 2005=100
2005-12,2016-01-19,4,78.9,CPI All Items Index: Estimated pre-97 2005=100
2006-01,2015-10-12,1,100.5,CPI All Items Index: Estimated pre-97 2005=100
2006-01,2016-01-19,4,78.5,CPI All Items Index: Estimated pre-97 2005=100
2006-02,2015-10-12,1,100.9,CPI All Items Index: Estimated pre-97 2005=100
2006-02,2016-01-19,4,78.8,CPI All Items Index: Estimated pre-97 2005=100
2006-03,2015-10-12,1,101.1,CPI All Items Index: Estimated pre-97 2005=100
2006-03,2016-01-19,4,78.9,CPI All Items Index: Estimated pre-97 2005=100
2006-04,2015-10-12,1,101.7,CPI All Items Index: Estimated pre-97 2005=100
2006-04,2016-01-19,4,79.4,CPI All Items Index: Estimated pre-97 2005=100
2006-05,2015-10-12,1,102.2,CPI All Items Index: Estimated pre-97 2005=100
2006-05,2016-01-19,4,79.9,CPI All Items Index: Estimated pre-97 2005=100
2006-06,2015-10-12,1,102.5,CPI All Items Index: Estimated pre-97 2005=100
2006-06,2016-01-19,4,80.1,CPI All Items Index: Estimated pre-97 2005=100
2006-07,2015-10-12,1,102.5,CPI All Items Index: Estimated pre-97 2005=100
2006-07,2016-01-19,4,80.0,CPI All Items Index: Estimated pre-97 2005=100
2006-08,2015-10-12,1,102.9,CPI All Items Index: Estimated pre-97 2005=100
2006-08,2016-01-19,4,80.4,CPI All Items Index: Estimated pre-97 2005=100
2006-09,2015-10-12,1,103.0,CPI All Items Index: Estimated pre-97 2005=100
2006-09,2016-01-19,4,80.5,CPI All Items Index: Estimated pre-97 2005=100
2006-10,2015-10-12,1,103.2,CPI All Items Index: Estimated pre-97 2005=100
2006-10,2016-01-19,4,80.6,CPI All Items Index: Estimated pre-97 2005=100
2006-11,2015-10-12,1,103.4,CPI All Items Index: Estimated pre-97 2005=100
2006-11,2016-01-19,4,80.8,CPI All Items Index: Estimated pre-97 2005=100
2006-12,2015-10-12,1,104.0,CPI All Items Index: Estimated pre-97 2005=100
2006-12,2016-01-19,4,81.3,CPI All Items Index: Estimated pre-97 2005=100
2007-01,2015-10-12,1,103.2,CPI All Items Index: Estimated pre-97 2005=100
2007-01,2016-01-19,4,80.6,CPI All Items Index: Estimated pre-97 2005=100
2007-02,2015-10-12,1,103.7,CPI All Items Index: Estimated pre-97 2005=100
2007-02,2016-01-19,4,81.0,CPI All Items Index: Estimated pre-97 2005=100
2007-03,2015-10-12,1,104.2,CPI All Items Index: Estimated pre-97 2005=100
2007-03,2016-01-19,4,81.4,CPI All Items Index: Estimated pre-97 2005=100
2007-04,2015-10-12,1,104.5,CPI All Items Index: Estimated pre-97 2005=100
2007-04,2016-01-19,4,81.6,CPI All Items Index: Estimated pre-97 2005=100
2007-05,2015-10-12,1,104.8,CPI All Items Index: Estimated pre-97 2005=100
2007-05,2016-01-19,4,81.8,CPI All Items Index: Estimated pre-97 2005=100
2007-06,2015-10-12,1,105.0,CPI All Items Index: Estimated pre-97 2005=100
2007-06,2016-01-19,4,82.0,CPI All Items Index: Estimated pre-97 2005=100
2007-07,2015-10-12,1,104.4,CPI All Items Index: Estimated pre-97 2005=100
2007-07,2016-01-19,4,81.5,CPI All Items Index: Estimated pre-97 2005=100
2007-08,2015-10-12,1,104.7,CPI All Items Index: Estimated pre-97 2005=100
2007-08,2016-01-19,4,81.8,CPI All Items Index: Estimated pre-97 2005=100
2007-09,2015-10-12,1,104.8,CPI All Items Index: Estimated pre-97 2005=100
2007-09,2016-01-19,4,81.9,CPI All Items Index: Estimated pre-97 2005=100
2007-10,2015-10-12,1,105.3,CPI All Items Index: Estimated pre-97 2005=100
2007-10,2016-01-19,4,82.3,CPI All Items Index: Estimated pre-97 2005=100
2007-11,2015-10-12,1,105.6,CPI All Items Index: Estimated pre-97 2005=100
2007-11,2016-01-19,4,82.5,CPI All Items Index: Estimated pre-97 2005=100
2007-12,2015-10-12,1,106.2,CPI All Items Index: Estimated pre-97 2005=100
2007-12,2016-01-19,4,83.0,CPI All Items Index: Estimated pre-97 2005=100
2008-01,2015-10-12,1,105.5,CPI All Items Index: Estimated pre-97 2005=100
2008-01,2016-01-19,4,82.4,CPI All Items Index: Estimated pre-97 2005=100
2008-02,2015-10-12,1,106.3,CPI All Items Index: Estimated pre-97 2005=100
2008-02,2016-01-19,4,83.0,CPI All Items Index: Estimated pre-97 2005=100
2008-03,2015-10-12,1,106.7,CPI All Items Index: Estimated pre-97 2005=100
2008-03,2016-01-19,4,83.4,CPI All Items Index: Estimated pre-97 2005=100
2008-04,2015-10-12,1,107.6,CPI All Items Index: Estimated pre-97 2005=100
2008-04,2016-01-19,4,84.0,CPI All Items Index: Estimated pre-97 2005=100
2008-05,2015-10-12,1,108.3,CPI All Items Index: Estimated pre-97 2005=100
2008-05,2016-01-19,4,84.6,CPI All Items Index: Estimated pre-97 2005=100
2008-06,2015-10-12,1,109.0,CPI All Items Index: Estimated pre-97 2005=100
2008-06,2016-01-19,4,85.2,CPI All Items Index: Estimated pre-97 2005=100
2008-07,2015-10-12,1,109.0,CPI All Items Index: Estimated pre-97 2005=100
2008-07,2016-01-19,4,85.1,CPI All Items Index: Estimated pre-97 2005=100
2008-08,2015-10-12,1,109.7,CPI All Items Index: Estimated pre-97 2005=100
2008-08,2016-01-19,4,85.7,CPI All Items Index: Estimated pre-97 2005=100
2008-09,2015-10-12,1,110.3,CPI All Items Index: Estimated pre-97 2005=100
2008-09,2016-01-19,4,86.1,CPI All Items Index: Estimated pre-97 2005=100
2008-10,2015-10-12,1,110.0,CPI All Items Index: Estimated pre-97 2005=100
2008-10,2016-01-19,4,85.9,CPI All Items Index: Estimated pre-97 2005=100
2008-11,2015-10-12,1,109.9,CPI All Items Index: Estimated pre-97 2005=100
2008-11,2016-01-19,4,85.8,CPI All Items Index: Estimated pre-97 2005=100
2008-12,2015-10-12,1,109.5,CPI All Items Index: Estimated pre-97 2005=100
2008-12,2016-01-19,4,85.5,CPI All Items Index: Estimated pre-97 2005=100
2009-01,2015-10-12,1,108.7,CPI All Items Index: Estimated pre-97 2005=100
2009-01,2016-01-19,4,84.9,CPI All Items Index: Estimated pre-97 2005=100
2009-02,2015-10-12,1,109.6,CPI All Items Index: Estimated pre-97 2005=100
2009-02,2016-01-19,4,85.6,CPI All Items Index: Estimated pre-97 2005=100
2009-03,2015-10-12,1,109.8,CPI All Items Index: Estimated pre-97 2005=100
2009-03,2016-01-19,4,85.8,CPI All Items Index: Estimated pre-97 2005=100
2009-04,2015-10-12,1,110.1,CPI All Items Index: Estimated pre-97 2005=100
2009-04,2016-01-19,4,86.0,CPI All Items Index: Estimated pre-97 2005=100
2009-05,2015-10-12,1,110.7,CPI All Items Index: Estimated pre-97 2005=100
2009-05,2016-01-19,4,86.4,CPI All Items Index: Estimated pre-97 2005=100
2009-06,2015-10-12,1,111.0,CPI All Items Index: Estimated pre-97 2005=100
2009-06,2016-01-19,4,86.7,CPI All Items Index: Estimated pre-97 2005=100
2009-07,2015-10-12,1,110.9,CPI All Items Index: Estimated pre-97 2005=100
2009-07,2016-01-19,4,86.7,CPI All Items Index: Estimated pre-97 2005=100
2009-08,2015-10-12,1,111.4,CPI All Items Index: Estimated pre-97 2005=100
2009-08,2016-01-19,4,87.0,CPI All Items Index: Estimated pre-97 2005=100
2009-09,2015-10-12,1,111.5,CPI All Items Index: Estimated pre-97 2005=100
2009-09,2016-01-19,4,87.1,CPI All Items Index: Estimated pre-97 2005=100
2009-10,2015-10-12,1,111.7,CPI All Items Index: Estimated pre-97 2005=100
2009-10,2016-01-19,4,87.2,CPI All Items Index: Estimated pre-97 2005=100
2009-11,2015-10-12,1,112.0,CPI All Items Index: Estimated pre-97 2005=100
2009-11,2016-01-19,4,87.5,CPI All Items Index: Estimated pre-97 2005=100
2009-12,2015-10-12,1,112.6,CPI All Items Index: Estimated pre-97 2005=100
2009-12,2016-01-19,4,88.0,CPI All Items Index: Estimated pre-97 2005=100
2010-01,2015-10-12,1,112.4,CPI All Items Index: Estimated pre-97 2005=100
2010-01,2016-01-19,4,87.8,CPI All Items Index: Estimated pre-97 2005=100
2010-02,2015-10-12,1,112.9,CPI All Items Index: Estimated pre-97 2005=100
2010-02,2016-01-19,4,88.2,CPI All Items Index: Estimated pre-97 2005=100
2010-03,2015-10-12,1,113.5,CPI All Items Index: Estimated pre-97 2005=100
2010-03,2016-01-19,4,88.7,CPI All Items Index: Estimated pre-97 2005=100
2010-04,2015-10-12,1,114.2,CPI All Items Index: Estimated pre-97 2005=100
2010-04,2016-01-19,4,89.2,CPI All Items Index: Estimated pre-97 2005=100
2010-05,2015-10-12,1,114.4,CPI All Items Index: Estimated pre-97 2005=100
2010-05,2016-01-19,4,89.4,CPI All Items Index: Estimated pre-97 2005=100
2010-06,2015-10-12,1,114.6,CPI All Items Index: Estimated pre-97 2005=100
2010-06,2016-01-19,4,89.5,CPI All Items Index: Estimated pre-97 2005=100
2010-07,2015-10-12,1,114.3,CPI All Items Index: Estimated pre-97 2005=100
2010-07,2016-01-19,4,89.3,CPI All Items Index: Estimated pre-97 2005=100
2010-08,2015-10-12,1,114.9,CPI All Items Index: Estimated pre-97 2005=100
2010-08,2016-01-19,4,89.8,CPI All Items Index: Estimated pre-97 2005=100
2010-09,2015-10-12,1,114.9,CPI All Items Index: Estimated pre-97 2005=100
2010-09,2016-01-19,4,89.8,CPI All Items Index: Estimated pre-97 2005=100
2010-10,2015-10-12,1,115.2,CPI All Items Index: Estimated pre-97 2005=100
2010-10,2016-01-19,4,90.0,CPI All Items Index: Estimated pre-97 2005=100
2010-11,2015-10-12,1,115.6,CPI All Items Index: Estimated pre-97 2005=100
2010-11,2016-01-19,4,90.3,CPI All Items Index: Estimated pre-97 2005=100
2010-12,2015-10-12,1,116.8,CPI All Items Index: Estimated pre-97 2005=100
2010-12,2016-01-19,4,91.2,CPI All Items Index: Estimated pre-97 2005=100
2011-01,2015-10-12,1,116.9,CPI All Items Index: Estimated pre-97 2005=100
2011-01,2016-01-19,4,91.3,CPI All Items Index: Estimated pre-97 2005=100
2011-02,2015-10-12,1,117.8,CPI All Items Index: Estimated pre-97 2005=100
2011-02,2016-01-19,4,92.0,CPI All Items Index: Estimated pre-97 2005=100
2011-03,2015-10-12,1,118.1,CPI All Items Index: Estimated pre-97 2005=100
2011-03,2016-01-19,4,92.2,CPI All Items Index: Estimated pre-97 2005=100
2011-04,2015-10-12,1,119.3,CPI All Items Index: Estimated pre-97 2005=100
2011-04,2016-01-19,4,93.2,CPI All Items Index: Estimated pre-97 2005=100
2011-05,2015-10-12,1,119.5,CPI All Items Index: Estimated pre-97 2005=100
2011-05,2016-01-19,4,93.4,CPI All Items Index: Estimated pre-97 2005=100
2011-06,2015-10-12,1,119.4,CPI All Items Index: Estimated pre-97 2005=100
2011-06,2016-01-19,4,93.3,CPI All Items Index: Estimated pre-97 2005=100
2011-07,2015-10-12,1,119.4,CPI All Items Index: Estimated pre-97 2005=100
2011-07,2016-01-19,4,93.3,CPI All Items Index: Estimated pre-97 2005=100
2011-08,2015-10-12,1,120.1,CPI All Items Index: Estimated pre-97 2005=100
2011-08,2016-01-19,4,93.8,CPI All Items Index: Estimated pre-97 2005=100
2011-09,2015-10-12,1,120.9,CPI All Items Index: Estimated pre-97 2005=100
2011-09,2016-01-19,4,94.4,CPI All Items Index: Estimated pre-97 2005=100
2011-10,2015-10-12,1,121.0,CPI All Items Index: Estimated pre-97 2005=100
2011-10,2016-01-19,4,94.5,CPI All Items Index: Estimated pre-97 2005=100
2011-11,2015-10-12,1,121.2,CPI All Items Index: Estimated pre-97 2005=100
2011-11,2016-01-19,4,94.6,CPI All Items Index: Estimated pre-97 2005=100
2011-12,2015-10-12,1,121.7,CPI All Items Index: Estimated pre-97 2005=100
2011-12,2016-01-19,4,95.1,CPI All Items Index: Estimated pre-97 2005=100
2012-01,2015-10-12,1,121.1,CPI All Items Index: Estimated pre-97 2005=100
2012-01,2016-01-19,4,94.6,CPI All Items Index: Estimated pre-97 2005=100
2012-02,2015-10-12,1,121.8,CPI All Items Index: Estimated pre-97 2005=100
2012-02,2016-01-19,4,95.1,CPI All Items Index: Estimated pre-97 2005=100
2012-03,2015-10-12,1,122.2,CPI All Items Index: Estimated pre-97 2005=100
2012-03,2016-01-19,4,95.4,CPI All Items Index: Estimated pre-97 2005=100
2012-04,2015-10-12,1,122.9,CPI All Items Index: Estimated pre-97 2005=100
2012-04,2016-01-19,4,96.0,CPI All Items Index: Estimated pre-97 2005=100
2012-05,2015-10-12,1,122.8,CPI All Items Index: Estimated pre-97 2005=100
2012-05,2016-01-19,4,95.9,CPI All Items Index: Estimated pre-97 2005=100
2012-06,2015-10-12,1,122.3,CPI All Items Index: Estimated pre-97 2005=100
2012-06,2016-01-19,4,95.5,CPI All Items Index: Estimated pre-97 2005=100
2012-07,2015-10-12,1,122.5,CPI All Items Index: Estimated pre-97 2005=100
2012-07,2016-01-19,4,95.6,CPI All Items Index: Estimated pre-97 2005=100
2012-08,2015-10-12,1,123.1,CPI All Items Index: Estimated pre-97 2005=100
2012-08,2016-01-19,4,96.1,CPI All Items Index: Estimated pre-97 2005=100
2012-09,2015-10-12,1,123.5,CPI All Items Index: Estimated pre-97 2005=100
2012-09,2016-01-19,4,96.5,CPI All Items Index: Estimated pre-97 2005=100
2012-10,2015-10-12,1,124.2,CPI All Items Index: Estimated pre-97 2005=100
2012-10,2016-01-19,4,97.0,CPI All Items Index: Estimated pre-97 2005=100
2012-11,2015-10-12,1,124.4,CPI All Items Index: Estimated pre-97 2005=100
2012-11,2016-01-19,4,97.2,CPI All Items Index: Estimated pre-97 2005=100
2012-12,2015-10-12,1,125.0,CPI All Items Index: Estimated pre-97 2005=100
2012-12,2016-01-19,4,97.6,CPI All Items Index: Estimated pre-97 2005=100
2013-01,2015-10-12,1,124.4,CPI All Items Index: Estimated pre-97 2005=100
2013-01,2016-01-19,4,97.1,CPI All Items Index: Estimated pre-97 2005=100
2013-02,2015-10-12,1,125.2,CPI All Items Index: Estimated pre-97 2005=100
2013-02,2016-01-19,4,97.8,CPI All Items Index: Estimated pre-97 2005=100
2013-03,2015-10-12,1,125.6,CPI All Items Index: Estimated pre-97 2005=100
2013-03,2016-01-19,4,98.1,CPI All Items Index: Estimated pre-97 2005=100
2013-04,2015-10-12,1,125.9,CPI All Items Index: Estimated pre-97 2005=100
2013-04,2016-01-19,4,98.3,CPI All Items Index: Estimated pre-97 2005=100
2013-05,2015-10-12,1,126.1,CPI All Items Index: Estimated pre-97 2005=100
2013-05,2016-01-19,4,98.5,CPI All Items Index: Estimated pre-97 2005=100
2013-06,2015-10-12,1,125.9,CPI All Items Index: Estimated pre-97 2005=100
2013-06,2016-01-19,4,98.3,CPI All Items Index: Estimated pre-97 2005=100
2013-07,2015-10-12,1,125.8,CPI All Items Index: Estimated pre-97 2005=100
2013-07,2016-01-19,4,98.3,CPI All Items Index: Estimated pre-97 2005=100
2013-08,2015-10-12,1,126.4,CPI All Items Index: Estimated pre-97 2005=100
2013-08,2016-01-19,4,98.7,CPI All Items Index: Estimated pre-97 2005=100
2013-09,2015-10-12,1,126.8,CPI All Items Index: Estimated pre-97 2005=100
2013-09,2016-01-19,4,99.1,CPI All Items Index: Estimated pre-97 2005=100
2013-10,2015-10-12,1,126.9,CPI All Items Index: Estimated pre-97 2005=100
2013-10,2016-01-19,4,99.1,CPI All Items Index: Estimated pre-97 2005=100
2013-11,2015-10-12,1,127.0,CPI All Items Index: Estimated pre-97 2005=100
2013-11,2016-01-19,4,99.2,CPI All Items Index: Estimated pre-97 2005=100
2013-12,2015-10-12,1,127.5,CPI All Items Index: Estimated pre-97 2005=100
2013-12,2016-01-19,4,99.6,CPI All Items Index: Estimated pre-97 2005=100
2014-01,2015-10-12,1,126.7,CPI All Items Index: Estimated pre-97 2005=100
2014-01,2016-01-19,4,99.0,CPI All Items Index: Estimated pre-97 2005=100
2014-02,2015-10-12,1,127.4,CPI All Items Index: Estimated pre-97 2005=100
2014-02,2016-01-19,4,99.5,CPI All Items Index: Estimated pre-97 2005=100
2014-03,2015-10-12,1,127.7,CPI All Items Index: Estimated pre-97 2005=100
2014-03,2016-01-19,4,99.7,CPI All Items Index: Estimated pre-97 2005=100
2014-04,2015-10-12,1,128.1,CPI All Items Index: Estimated pre-97 2005=100
2014-04,2016-01-19,4,100.1,CPI All Items Index: Estimated pre-97 2005=100
2014-05,2015-10-12,1,128.0,CPI All Items Index: Estimated pre-97 2005=100
2014-05,2016-01-19,4,100.0,CPI All Items Index: Estimated pre-97 2005=100
2014-06,2015-10-12,1,128.3,CPI All Items Index: Estimated pre-97 2005=100
2014-06,2016-01-19,4,100.2,CPI All Items Index: Estimated pre-97 2005=100
2014-07,2015-10-12,1,127.8,CPI All Items Index: Estimated pre-97 2005=100
2014-07,2016-01-19,4,99.9,CPI All Items Index: Estimated pre-97 2005=100
2014-08,2015-10-12,1,128.3,CPI All Items Index: Estimated pre-97 2005=100
2014-08,2016-01-19,4,100.2,CPI All Items Index: Estimated pre-97 2005=100
2014-09,2015-10-12,1,128.4,CPI All Items Index: Estimated pre-97 2005=100
2014-09,2016-01-19,4,100.3,CPI All Items Index: Estimated pre-97 2005=100
2014-10,2015-10-12,1,128.5,CPI All Items Index: Estimated pre-97 2005=100
2014-10,2016-01-19,4,100.4,CPI All Items Index: Estimated pre-97 2005=100
2014-11,2015-10-12,1,128.2,CPI All Items Index: Estimated pre-97 2005=100
2014-11,2016-01-19,4,100.1,CPI All Items Index: Estimated pre-97 2005=100
2014-12,2015-10-12,1,128.2,CPI All Items Index: Estimated pre-97 2005=100
2014-12,2016-01-19,4,100.1,CPI All Items Index: Estimated pre-97 2005=100
2015-01,2015-10-12,1,127.1,CPI All Items Index: Estimated pre-97 2005=100
2015-01,2016-01-19,4,99.3,CPI All Items Index: Estimated pre-97 2005=100
2015-02,2015-10-12,1,127.4,CPI All Items Index: Estimated pre-97 2005=100
2015-02,2016-01-19,4,99.5,CPI All Items Index: Estimated pre-97 2005=100
2015-03,2015-10-12,1,127.6,CPI All Items Index: Estimated pre-97 2005=100
2015-03,2016-01-19,4,99.7,CPI All Items Index: Estimated pre-97 2005=100
2015-04,2015-10-12,1,128.0,CPI All Items Index: Estimated pre-97 2005=100
2015-04,2016-01-19,4,99.9,CPI All Items Index: Estimated pre-97 2005=100
2015-05,2015-10-12,1,128.2,CPI All Items Index: Estimated pre-97 2005=100
2015-05,2016-01-19,4,100.1,CPI All Items Index: Estimated pre-97 2005=100
2015-06,2015-10-12,1,128.2,CPI All Items Index: Estimated pre-97 2005=100
2015-06,2016-01-19,4,100.2,CPI All Items Index: Estimated pre-97 2005=100
2015-07,2015-10-12,1,128.0,CPI All Items Index: Estimated pre-97 2005=100
2015-07,2016-01-19,4,100.0,CPI All Items Index: Estimated pre-97 2005=100
2015-08,2015-10-12,1,128.4,CPI All Items Index: Estimated pre-97 2005=100
2015-08,2016-01-19,4,100.3,CPI All Items Index: Estimated pre-97 2005=100
2015-09,2015-10-12,1,128.2,CPI All Items Index: Estimated pre-97 2005=100
2015-09,2016-01-19,4,100.2,CPI All Items Index: Estimated pre-97 2005=100
2015-10,2015-12-15,2,128.4,CPI All Items Index: Estimated pre-97 2005=100
2015-10,2016-01-19,4,100.3,CPI All Items Index: Estimated pre-97 2005=100
2015-11,2015-12-15,2,128.3,CPI All Items Index: Estimated pre-97 2005=100
2015-11,2016-01-19,4,100.3,CPI All Items Index: Estimated pre-97 2005=100
2015-12,2016-01-19,3,128.5,CPI All Items Index: Estimated pre-97 2005=100
2015-12,2016-01-19,4,100.3,CPI All Items Index: Estimated pre-97 2005=100
2016-01,2016-02-16,5,99.5,CPI All Items Index: Estimated pre-97 2005=100
2016-02,2016-03-22,6,99.8,CPI All Items Index: Estimated pre-97 2005=100
2016-03,2016-04-12,7,100.2,CPI All Items Index: Estimated pre-97 2005=100
2016-04,2016-05-17,8,100.2,CPI All Items Index: Estimated pre-97 2005=100
2016-05,2016-06-14,9,100.4,CPI All Items Index: Estimated pre-97 2015=100
2016-06,2016-07-18,10,100.6,CPI All Items Index: Estimated pre-97 2015=100
2016-07,2016-08-15,11,100.6,CPI All Items Index: Estimated pre-97 2015=100
2016-08,2016-09-12,12,100.9,CPI All Items Index: Estimated pre-97 2015=100
2016-09,2016-10-17,13,101.1,CPI All Items Index: Estimated pre-97 2015=100
2016-10,2016-11-15,14,101.2,CPI All Items Index: Estimated pre-97 2015=100
2016-11,2016-12-13,15,101.4,CPI All Items Index: Estimated pre-97 2015=100
2016-12,2017-01-17,16,101.9,CPI All Items Index: Estimated pre-97 2015=100
2017-01,2017-03-14,17,101.4,CPI All Items Index: Estimated pre-97 2015=100
2017-02,2017-03-21,18,102.1,CPI All Items Index: Estimated pre-97 2015=100
2017-03,2017-04-10,19,102.5,CPI All Items Index: Estimated pre-97 2015=100
2017-04,2017-05-15,20,102.9,CPI All Items Index: Estimated pre-97 2015=100
2017-05,2017-06-12,21,103.3,CPI All Items Index: Estimated pre-97 2015=100
2017-06,2017-07-17,22,103.3,CPI All Items Index: Estimated pre-97 2015=100
2017-07,2017-08-14,23,103.2,CPI All Items Index: Estimated pre-97 2015=100
2017-08,2017-09-11,24,103.8,CPI All Items Index: Estimated pre-97 2015=100
2017-09,2017-10-16,25,104.1,CPI All Items Index: Estimated pre-97 2015=100
2017-10,2017-11-14,26,104.2,CPI All Items Index: Estimated pre-97 2015=100
2017-11,2017-12-12,27,104.6,CPI INDEX 00: ALL ITEMS 2015=100
2017-12,2018-01-16,28,104.9,CPI INDEX 00: ALL ITEMS 2015=100
2018-01,2018-02-13,29,104.4,CPI INDEX 00: ALL ITEMS 2015=100
2018-02,2018-03-20,30,104.9,CPI INDEX 00: ALL ITEMS 2015=100
2018-03,2018-04-17,31,105.0,CPI INDEX 00: ALL ITEMS 2015=100
2018-04,2018-05-22,32,105.4,CPI INDEX 00: ALL ITEMS 2015=100
2018-05,2018-06-12,33,105.8,CPI INDEX 00: ALL ITEMS 2015=100
2018-06,2018-07-17,34,105.8,CPI INDEX 00: ALL ITEMS 2015=100
2018-07,2018-08-14,35,105.8,CPI INDEX 00: ALL ITEMS 2015=100
2018-08,2018-09-18,36,106.5,CPI INDEX 00: ALL ITEMS 2015=100
2018-09,2018-10-16,37,106.6,CPI INDEX 00: ALL ITEMS 2015=100
2018-10,2018-11-14,38,106.7,CPI INDEX 00: ALL ITEMS 2015=100
2018-11,2018-12-19,39,107.0,CPI INDEX 00: ALL ITEMS 2015=100
2018-12,2019-01-16,40,107.1,CPI INDEX 00: ALL ITEMS 2015=100
2019-01,2019-02-13,41,106.3,CPI INDEX 00: ALL ITEMS 2015=100
2019-02,2019-03-20,42,106.8,CPI INDEX 00: ALL ITEMS 2015=100
2019-03,2019-04-16,43,107.0,CPI INDEX 00: ALL ITEMS 2015=100
2019-04,2019-05-21,44,107.6,CPI INDEX 00: ALL ITEMS 2015=100
2019-05,2019-06-18,45,107.9,CPI INDEX 00: ALL ITEMS 2015=100
2019-06,2019-07-16,46,107.9,CPI INDEX 00: ALL ITEMS 2015=100
2019-07,2019-08-13,47,107.9,CPI INDEX 00: ALL ITEMS 2015=100
2019-08,2019-09-17,48,108.4,CPI INDEX 00: ALL ITEMS 2015=100
2019-09,2019-10-15,49,108.5,CPI INDEX 00: ALL ITEMS 2015=100
2019-10,2019-11-13,50,108.3,CPI INDEX 00: ALL ITEMS 2015=100
2019-11,2019-12-18,51,108.5,CPI INDEX 00: ALL ITEMS 2015=100
2019-12,2020-01-15,52,108.5,CPI INDEX 00: ALL ITEMS 2015=100
2020-01,2020-02-19,53,108.2,CPI INDEX 00: ALL ITEMS 2015=100
2020-02,2020-03-25,54,108.6,CPI INDEX 00: ALL ITEMS 2015=100
2020-03,2020-04-21,55,108.6,CPI INDEX 00: ALL ITEMS 2015=100
2020-04,2020-05-19,56,108.5,CPI INDEX 00: ALL ITEMS 2015=100
2020-05,2020-06-16,57,108.5,CPI INDEX 00: ALL ITEMS 2015=100
2020-06,2020-07-14,58,108.6,CPI INDEX 00: ALL ITEMS 2015=100
2020-07,2020-08-18,59,109.1,CPI INDEX 00: ALL ITEMS 2015=100
2020-08,2020-09-15,60,108.6,CPI INDEX 00: ALL ITEMS 2015=100
2020-09,2020-10-20,61,109.1,CPI INDEX 00: ALL ITEMS 2015=100
2020-10,2020-11-18,62,109.1,CPI INDEX 00: ALL ITEMS 2015=100
2020-11,2020-12-16,63,108.9,CPI INDEX 00: ALL ITEMS 2015=100
2020-12,2021-01-20,64,109.2,CPI INDEX 00: ALL ITEMS 2015=100
2021-01,2021-02-17,65,109.0,CPI INDEX 00: ALL ITEMS 2015=100
2021-02,2021-03-24,66,109.1,CPI INDEX 00: ALL ITEMS 2015=100
2021-03,2021-04-20,67,109.4,CPI INDEX 00: ALL ITEMS 2015=100
2021-04,2021-05-18,68,110.1,CPI INDEX 00: ALL ITEMS 2015=100
2021-05,2021-06-15,69,110.8,CPI INDEX 00: ALL ITEMS 2015=100
2021-06,2021-07-13,70,111.3,CPI INDEX 00: ALL ITEMS 2015=100
2021-07,2021-08-17,71,111.3,CPI INDEX 00: ALL ITEMS 2015=100
2021-08,2021-09-14,72,112.1,CPI INDEX 00: ALL ITEMS 2015=100
2021-09,2021-10-19,73,112.4,CPI INDEX 00: ALL ITEMS 2015=100
2021-10,2021-11-17,74,113.6,CPI INDEX 00: ALL ITEMS 2015=100
2021-11,2021-12-15,75,114.5,CPI INDEX 00: ALL ITEMS 2015=100
2021-12,2022-01-19,76,115.1,CPI INDEX 00: ALL ITEMS 2015=100
2022-01,2022-02-16,77,114.9,CPI INDEX 00: ALL ITEMS 2015=100
2022-02,2022-03-23,78,115.8,CPI INDEX 00: ALL ITEMS 2015=100
2022-03,2022-04-12,79,117.1,CPI INDEX 00: ALL ITEMS 2015=100
2022-04,2022-05-17,80,120.0,CPI INDEX 00: ALL ITEMS 2015=100
2022-05,2022-06-21,81,120.8,CPI INDEX 00: ALL ITEMS 2015=100
2022-06,2022-07-19,82,121.8,CPI INDEX 00: ALL ITEMS 2015=100
2022-07,2022-08-16,83,122.5,CPI INDEX 00: ALL ITEMS 2015=100
2022-08,2022-09-13,84,123.1,CPI INDEX 00: ALL ITEMS 2015=100
2022-09,2022-10-18,85,123.8,CPI INDEX 00: ALL ITEMS 2015=100
2022-10,2022-11-16,86,126.2,CPI INDEX 00: ALL ITEMS 2015=100
2022-11,2022-12-14,87,126.7,CPI INDEX 00: ALL ITEMS 2015=100
2022-12,2023-01-18,88,127.2,CPI INDEX 00: ALL ITEMS 2015=100
2023-01,2023-02-15,89,126.4,CPI INDEX 00: ALL ITEMS 2015=100
2023-02,2023-03-22,90,127.9,CPI INDEX 00: ALL ITEMS 2015=100
2023-03,2023-04-18,91,128.9,CPI INDEX 00: ALL ITEMS 2015=100
2023-04,2023-05-23,92,130.4,CPI INDEX 00: ALL ITEMS 2015=100
2023-05,2023-06-20,93,131.3,CPI INDEX 00: ALL ITEMS 2015=100
2023-06,2023-07-18,94,131.5,CPI INDEX 00: ALL ITEMS 2015=100
2023-07,2023-08-15,95,130.9,CPI INDEX 00: ALL ITEMS 2015=100
2023-08,2023-09-19,96,131.3,CPI INDEX 00: ALL ITEMS 2015=100
2023-09,2023-10-17,97,132.0,CPI INDEX 00: ALL ITEMS 2015=100
2023-10,2023-11-15,98,132.0,CPI INDEX 00: ALL ITEMS 2015=100
2023-11,2023-12-20,99,131.7,CPI INDEX 00: ALL ITEMS 2015=100
2023-12,2024-01-17,100,132.2,CPI INDEX 00: ALL ITEMS 2015=100
2024-01,2024-02-14,101,131.5,CPI INDEX 00: ALL ITEMS 2015=100
2024-02,2024-03-20,102,132.3,CPI INDEX 00: ALL ITEMS 2015=100
2024-03,2024-04-16,103,133.0,CPI INDEX 00: ALL ITEMS 2015=100
2024-04,2024-05-21,104,133.5,CPI INDEX 00: ALL ITEMS 2015=100
2024-05,2024-06-18,105,133.9,CPI INDEX 00: ALL ITEMS 2015=100
2024-06,2024-07-16,106,134.1,CPI INDEX 00: ALL ITEMS 2015=100
2024-07,2024-08-13,107,133.8,CPI INDEX 00: ALL ITEMS 2015=100
2024-08,2024-09-17,108,134.3,CPI INDEX 00: ALL ITEMS 2015=100
2024-09,2024-10-15,109,134.2,CPI INDEX 00: ALL ITEMS 2015=100
2024-10,2024-11-20,110,135.0,CPI INDEX 00: ALL ITEMS 2015=100
2024-11,2024-12-18,111,135.1,CPI INDEX 00: ALL ITEMS 2015=100
2024-12,2025-01-15,112,135.6,CPI INDEX 00: ALL ITEMS 2015=100
2025-01,2025-02-19,113,135.4,CPI INDEX 00: ALL ITEMS 2015=100
2025-02,2025-03-26,114,136.0,CPI INDEX 00: ALL ITEMS 2015=100
2025-03,2025-04-15,115,136.5,CPI INDEX 00: ALL ITEMS 2015=100
2025-04,2025-05-20,116,138.2,CPI INDEX 00: ALL ITEMS 2015=100
2025-05,2025-06-17,117,138.4,CPI INDEX 00: ALL ITEMS 2015=100
2025-06,2025-07-15,118,138.9,CPI INDEX 00: ALL ITEMS 2015=100
2025-07,2025-08-19,119,139.0,CPI INDEX 00: ALL ITEMS 2015=100
2025-08,2025-09-16,120,139.3,CPI INDEX 00: ALL ITEMS 2015=100
2025-09,2025-10-21,121,139.3,CPI INDEX 00: ALL ITEMS 2015=100
2025-10,2025-11-19,122,139.8,CPI INDEX 00: ALL ITEMS 2015=100
2025-11,2025-12-17,123,139.5,CPI INDEX 00: ALL ITEMS 2015=100
2025-12,2026-01-21,124,140.1,CPI INDEX 00: ALL ITEMS 2015=100
2026-01,2026-02-18,125,139.5,CPI INDEX 00: ALL ITEMS 2015=100
2026-02,2026-03-25,126,140.1,CPI INDEX 00: ALL ITEMS 2015=100
2026-03,2026-04-21,127,141.0,CPI INDEX 00: ALL ITEMS 2015=100
2026-04,2026-05-19,128,142.1,CPI INDEX 00: ALL ITEMS 2015=100
2026-05,2026-06-16,129,142.4,CPI INDEX 00: ALL ITEMS 2015=100
2026-06,2026-07-21,130,142.5,CPI INDEX 00: ALL ITEMS 2015=100
2026-07,2026-08-18,131,142.9,CPI INDEX 00: ALL ITEMS 2015=100
